{
  "_format": "hh-sol-cache-2",
  "files": {
    "/workspaces/codespaces-blank/Swiss/contracts/Lock.sol": {
      "lastModificationDate": 1721902978426,
      "contentHash": "35c62732d9d2ba4eccdc34ae09929e2c",
      "sourceName": "contracts/Lock.sol",
      "solcConfig": {
        "version": "0.8.19",
        "settings": {
          "optimizer": {
            "enabled": false,
            "runs": 200
          },
          "outputSelection": {
            "*": {
              "*": [
                "abi",
                "evm.bytecode",
                "evm.deployedBytecode",
                "evm.methodIdentifiers",
                "metadata"
              ],
              "": [
                "ast"
              ]
            }
          }
        }
      },
      "imports": [],
      "versionPragmas": [
        "^0.8.19"
      ],
      "artifacts": [
        "Swisstronik"
      ]
    }
  }
}
